z_value,k_value,sep
178411664907,217,24680
175064780517,217,137603
172107089079,217,137835
191398426192,217,164379
186417992460,217,192551
193767799764,217,193947
180880600587,217,303844
177390388446,217,310829
187961559510,217,372529
190932537197,217,430038
172573584598,217,559026
195012457669,217,753906
186679301784,217,789761
29692995828,217,865664
173107242212,217,912231
182175749913,217,925269
212062935578,217,945293
177914653905,217,1149718
5890382920,217,1225155
172510439763,217,1502224
211987808813,217,1515727
177116122330,217,1723878
178108596942,217,1843553
171557277209,217,1890119
29679888161,217,1931331
182846695884,217,1970445
171415020712,217,2037036
177855945426,217,2039596
178290330573,217,2065207
182187034982,217,2087559
177108344157,217,2100365
178471164546,217,2134591
30225288589,217,2172077
191387906904,217,2256594
191395581700,217,2844492
181118099718,217,2995366
178279217799,217,3002584
191857689526,217,3160676
28560093837,217,3204216
29693861492,217,3254740
185082276352,217,3338093
174833982252,217,3401656
191028610804,217,3549969
4794312409,217,3583962
171447767411,217,3619585
196932112566,217,3757886
213073880179,217,3839145
31894886401,217,4005386
178418289172,217,4081754
171559167328,217,4110159
5910555134,217,4130881
196935870452,217,4267786
180814056192,217,4282920
173108154443,217,4440080
196689457167,217,4648930
188646652271,217,4946021
185641521588,217,4963251
178151679691,217,4967908
172910212074,217,4993984
182940329658,217,5102484
178266745061,217,5296432
186708409573,217,5387002
191390163498,217,5418202
172107226914,217,5431474
172101584729,217,5504350
187956011389,217,5548121
29697116232,217,5565118
177110444522,217,5677808
177857985022,217,5723676
177719065454,217,5863607
212063880871,217,5875481
211845302256,217,6002607
30178526650,217,6163027
173112594523,217,6403541
177071735962,217,6427290
211812539259,217,6503193
194011103828,217,6533926
178411689587,217,6599585
170889399946,217,6705057
185085614445,217,6856863
173245228129,217,7019378
173424450914,217,7034512
178272041493,217,7176306
182712528157,217,7191673
178211916704,217,7401686
171407465358,217,7555354
193167090882,217,7563504
179220842431,217,7654540
29571560678,217,7660361
171549608931,217,7668278
31898891787,217,7714144
193189198850,217,7821247
173145329813,217,7852213
31963931863,217,8012866
178282220383,217,8110190
177135733422,217,8567935
5141229369,217,8588657
191767908866,217,8771895
178030608688,217,8781441
191177693662,217,8901581
193679105491,217,9221956
174837383908,217,9284355
29518588214,217,9665731
177688977449,217,9809853
212647999637,217,9892276
173449037597,217,9992626
178256699816,217,10045245
182176675182,217,10359800
172899807338,217,10404736
179648637772,217,10446180
211920492352,217,10537682
171373035526,217,10541408
178156647599,217,10702992
4797896371,217,10715797
173396779458,217,10832212
32066575951,217,10885763
29681819492,217,11176336
171451386996,217,11318363
171395802405,217,11662953
177390699275,217,11851080
30122985365,217,11958182
176424606704,217,12016855
212828116492,217,12034783
179533730727,217,12160745
171383576934,217,12225471
32103818376,217,12391014
180398674449,217,12608944
211907285499,217,13206853
212765835925,217,13446668
212049297058,217,13638520
212368320209,217,13652024
191568378127,217,13762386
30441790121,217,13774727
173231369816,217,13858313
172681441065,217,14062040
191797028529,217,14191726
29977849685,217,14327699
182925972855,217,14356803
193174654386,217,14544464
191415756941,217,15176600
30362623744,217,15296508
178396167001,217,15497906
191811220255,217,15788712
177863708698,217,16215024
185021906859,217,16400125
177898063791,217,16590114
173407611670,217,16839244
178454247537,217,16917009
191398590571,217,17166370
181394194020,217,17218758
175399495755,217,17305370
173431485426,217,17552171
177117846208,217,17887214
173089193414,217,18048798
177809110377,217,18084422
170896105003,217,18088147
177879923722,217,18140069
191550103017,217,18275110
180795172696,217,18883496
5891608075,217,18947059
182906579925,217,19392930
175966025796,217,19470929
170838533436,217,19569182
32519971487,217,19616680
178167350591,217,19761268
177698787302,217,20278152
35443031462,217,20310050
191776680761,217,20347768
177972551669,217,20390376
172695503105,217,21280022
196777124657,217,21844637
170971074375,217,22421824
175042051357,217,22729160
187866192544,217,22915192
193744871300,217,22928464
172990662512,217,22952212
177785803099,217,23307278
177011889639,217,23408793
193143650657,217,23440225
31450133073,217,23686792
173286132515,217,23937551
211787954672,217,24584587
172332707560,217,24620677
172915206058,217,24635811
178814609536,217,24706358
178187111859,217,24804845
196722319816,217,24950597
177402550355,217,25507994
32040716149,217,25859802
177946434357,217,26117312
211819042452,217,26259804
173118998064,217,26331749
189736289904,217,26345020
32077461714,217,26356662
172873381526,217,26425812
176092694048,217,26428840
173310070066,217,26896363
31351305778,217,27356203
178039390129,217,27412315
30927042245,217,28168549
196694106097,217,28213719
180527827237,217,28249575
186680091545,217,28318028
170810199110,217,28334326
4765889142,217,28423267
177628396079,217,28491021
177827194799,217,28750627
4938045051,217,28839568
196747270413,217,29854244
181088183541,217,29916177
176026284462,217,30104304
177078163252,217,30180905
32301244094,217,30221417
181411412778,217,30395109
177597959992,217,30436087
177915803623,217,30630734
191827008967,217,30680559
171417057748,217,30709663
170858102618,217,31297328
176944018575,217,31323638
172841920052,217,31461474
194980813889,217,31643780
178422370926,217,31876611
213537115604,217,31883130
180880904431,217,32073818
177656887100,217,32090349
180115081603,217,32123644
192315798020,217,32395358
171517166077,217,32442854
173252247507,217,33885008
180364731700,217,33942749
181121095084,217,34377910
173054193380,217,35000034
188270735555,217,35093864
28482774972,217,35391189
176056388766,217,36305282
177035298432,217,36437530
176975342213,217,36547426
211672941456,217,36657555
192278858508,217,36939512
178219318390,217,37381426
177992942045,217,37666643
185646484839,217,39448962
182672622614,217,39905543
175064918120,217,40004030
172112658388,217,40197279
173013614724,217,40578656
30184689677,217,40598912
175985496725,217,40787737
178110440495,217,41239196
182805259713,217,41436171
178066802444,217,41794498
28518166161,217,41927676
179659083952,217,41989842
174791951199,217,42031053
29528253945,217,43306733
171668953496,217,43323263
30134943547,217,43583103
185038306984,217,43969368
181349789957,217,44404063
212887741859,217,44963788
191925044638,217,45080203
192233092385,217,45766123
173459030223,217,46339351
29930914054,217,46935631
175416801125,217,47323061
192529121880,217,47563575
212840151275,217,47590584
180067130598,217,47951005
212231055601,217,48669055
212779282593,217,48833899
28618510813,217,49064867
172939841869,217,50820643
212932705647,217,50932402
185878382763,217,52164309
172152855667,217,52276300
30069202185,217,53783180
179479395738,217,54334989
171462705359,217,54460718
191430933541,217,54570148
176436623559,217,54662116
28563298053,217,55212760
178839315894,217,55497512
211851304863,217,55980636
181293777191,217,56012766
193688327447,217,56543853
211931030034,217,56778779
170914193150,217,56881225
31906605931,217,57325932
182848666329,217,57913596
196798969294,217,59792771
173336966429,217,59813029
211989324540,217,59972518
177724929061,217,60874038
182945432142,217,61346451
172511941987,217,61642611
180818339112,217,62261475
172038296005,217,63288724
30377920252,217,63869869
191860850202,217,64194436
191485503689,217,64599328
196940138238,217,64627500
178748235805,217,66373731
187889107736,217,66903653
191186595243,217,67322049
31971944729,217,68771420
176800323651,217,70190988
29702681350,217,70618698
31378661981,217,71471092
212159145857,217,71909744
29338570545,217,72758645
196858762065,217,73350501
176870514639,217,73503936
4966884619,217,76740515
29992177384,217,77024801
173153182026,217,78187790
211709599011,217,78355661
195126542822,217,80803642
174619396218,217,82752434
191970124841,217,83763618
174958171091,217,83880266
182719719830,217,85539883
186418185011,217,85955951
212279724656,217,88595553
212069756352,217,89389505
174702148652,217,89802547
212983638049,217,90242130
185685933801,217,95438911
190932967235,217,95643569
185781372712,217,97010051
175104922150,217,97048702
5043625134,217,97604235
180556076812,217,98270597
180266192882,217,98538818
186980537605,217,100609381
29579221039,217,100667122
188908369048,217,101721613
193041557214,217,102093443
179545891472,217,102746300
178644793807,217,103441998
178292395780,217,103771221
170993496199,217,104881357
171563277487,217,105676009
29411329190,217,107259024
172574143624,217,107297441
212657891913,217,107944012
171712276759,217,109954970
174846668263,217,111502828
189762634924,217,111662084
195013211575,217,113331247
190615496832,217,115148257
177144301357,217,115275383
180411283393,217,116543844
176491285675,217,117297983
180147205247,217,118987635
193767993711,217,119009521
170688210521,217,121988589
193322885549,217,123862876
31646477525,217,124075683
193887003232,217,124100596
31770553208,217,124333193
172716783127,217,125136925
193197020097,217,125865452
172205131967,217,127575593
4808612168,217,129432883
177259576740,217,130811706
191253917292,217,133989612
30227460666,217,135163078
182392822812,217,135701382
181155472994,217,138304197
183992363979,217,140049727
180654347409,217,140825287
182528524194,217,144098420
191032160773,217,145532889
192895692308,217,145864906
176276146202,217,148460502
172357328237,217,153111526
176119122888,217,157023314
29773300048,217,157614006
185092471308,217,163072487
177428058349,217,169901643
178473299137,217,171494670
31473819865,217,172657660
186504140962,217,175160822
180912978249,217,175205292
192053888459,217,179203926
192348193378,217,180928502
32116209390,217,185034704
191582140513,217,185768353
32331465511,217,188505976
186228634324,217,189358136
176608583658,217,191739993
175201970852,217,197524903
28667575680,217,200032257
190730645089,217,201892108
30455564848,217,202098861
182189122541,217,203700271
213077719324,217,208525220
29122769367,217,215801178
171822231729,217,216064276
183006778593,217,225811265
193446748425,217,232357066
189874297008,217,249411213
213286244544,217,250871060
179228496971,217,250898767
32539588167,217,253868522
28867607937,217,255161430
188651598292,217,256770756
212381972233,217,266027404
186713796575,217,266741030
30657663709,217,269378536
171098377556,217,274657970
183714628686,217,277735293
181441807887,217,285207993
185930547072,217,298087252
187961932039,217,308803516
5149818026,217,313967466
192576685455,217,319006853
178894813406,217,326029025
188305829419,217,340822852
179701073794,217,366056804
187491985504,217,374207040
173505369574,217,378501835
185255543795,217,385977793
30955210794,217,396094984
187081146986,217,410838518
5463785492,217,426597428
194017637754,217,442571240
181727015880,217,448734033
183232589858,217,482038828
190123708221,217,491788611
175464124186,217,501901610
194460208994,217,520604895
189010090661,217,726199243
173883871409,217,735524809
184132413706,217,889493153
199023659574,217,1329721883
195207346464,217,1482110703
197004765738,217,2018893836
32793456689,217,2649574773
869911630,217,3895977512
200353381457,217,11319559999
5914686015,217,22568088957
35463341512,217,135224869009
213568998734,217,NA
